,Date,Time,Temperature,Pression,RAW465,RAW540,RAW619,Altitude,Latitude,Longitude,Elevation,AOT465,AOT540,AOT619,Alpha,RÂ²,Datetime,N,E,sza_rad,air_mass,day_of_year,E0
2,2024-06-04,08:27:41,24,841,2609.61273113857,2810.5106713565015,2262.419880608093,01568,4648.80336N,00950.64453E,48.3,0.0459,0.0403,0.0389,0.58,0.92,2024-06-04 08:27:41,46.81338933333333,9.8440755,0.7278022980816354,1.3393368082771915,156,0.9706421070742003
5,2024-06-04,09:00:37,24,841,2651.852810876699,2835.2365716910163,2285.085289248065,01619,4648.79066N,00950.68560E,53.4,0.0487,0.0439,0.0389,0.78,0.99,2024-06-04 09:00:37,46.81317766666667,9.84476,0.6387905062299246,1.2456131448333823,156,0.9706421070742003
6,2024-06-04,09:35:14,23,841,2697.1836281566425,2880.56738897096,2309.8111895825796,01616,4648.79352N,00950.67664E,58.3,0.0467,0.0390,0.0361,0.91,0.96,2024-06-04 09:35:14,46.813225333333335,9.844610666666666,0.5532693728822026,1.1753490156903816,156,0.9706421070742003
12,2024-06-18,07:02:19,29,844,2267.293721460673,2552.3839570520836,2110.2875047581574,01616,4648.80153N,00950.66908E,34.2,0.0727,0.0589,0.0513,1.22,0.99,2024-06-18 07:02:19,46.81335883333333,9.844484666666666,0.9738937226128358,1.779095485479867,170,0.9681145319742257
13,2024-06-18,07:02:32,29,844,2261.0961076434687,2547.2192788710795,2102.0240196685513,01618,4648.80068N,00950.66978E,34.2,0.0744,0.0602,0.0536,1.15,0.98,2024-06-18 07:02:32,46.813344666666666,9.844496333333334,0.9738937226128358,1.779095485479867,170,0.9681145319742257
14,2024-06-18,07:02:45,30,844,2252.8326225538626,2538.9557937814734,2094.793470215146,01619,4648.80031N,00950.66968E,34.2,0.0767,0.0622,0.0557,1.13,0.98,2024-06-18 07:02:45,46.8133385,9.844494666666666,0.9738937226128358,1.779095485479867,170,0.9681145319742257
15,2024-06-18,07:35:10,33,844,2379.883705806556,2646.381099946353,2174.3295142026045,01610,4648.80113N,00950.67048E,39.8,0.0744,0.0581,0.0488,1.48,0.99,2024-06-18 07:35:10,46.81335216666667,9.844508,0.8761552845011534,1.5622322248899199,170,0.9681145319742257
16,2024-06-18,07:35:26,33,844,2374.7190276255524,2639.1505504929473,2164.000157840597,01609,4648.80084N,00950.67022E,39.8,0.0760,0.0600,0.0519,1.34,0.99,2024-06-18 07:35:26,46.81334733333333,9.844503666666666,0.8761552845011534,1.5622322248899199,170,0.9681145319742257
17,2024-06-18,07:35:46,33,844,2377.817834534155,2646.381099946353,2171.230707294002,01609,4648.80052N,00950.66998E,39.9,0.0755,0.0584,0.0499,1.45,0.99,2024-06-18 07:35:46,46.813342,9.844499666666668,0.8744099552491591,1.5589688586362294,170,0.9681145319742257
18,2024-06-18,08:03:45,34,844,2349.928572356734,2592.6684468639132,2118.5509898477635,01615,4648.80111N,00950.67001E,44.6,0.1064,0.0880,0.0784,1.07,0.99,2024-06-18 08:03:45,46.813351833333336,9.844500166666666,0.7923794804054256,1.4241909164025093,170,0.9681145319742257
19,2024-06-18,08:04:04,34,844,2317.9075676345105,2556.5156995968864,2088.595856397941,01616,4648.80077N,00950.67043E,44.7,0.1163,0.0981,0.0885,0.96,0.99,2024-06-18 08:04:04,46.81334616666667,9.844507166666666,0.7906341511534313,1.4216768991924045,170,0.9681145319742257
20,2024-06-18,08:04:29,34,844,2327.2039883603175,2567.877991595095,2095.8264058513464,01617,4648.80054N,00950.67067E,44.7,0.1138,0.0952,0.0863,0.97,0.98,2024-06-18 08:04:29,46.81334233333333,9.844511166666667,0.7906341511534313,1.4216768991924045,170,0.9681145319742257
21,2024-06-18,08:35:39,34,844,2116.485118575362,2309.6440825449044,1867.547630250978,01618,4648.80101N,00950.67143E,49.8,0.2100,0.1930,0.1876,0.4,0.94,2024-06-18 08:35:39,46.813350166666666,9.844523833333334,0.7016223593017206,1.3092500648210947,170,0.9681145319742257
23,2024-06-18,08:36:16,34,844,1957.4130306004445,2138.1767669355777,1726.0354480914737,01614,4648.80031N,00950.67009E,49.9,0.2703,0.2525,0.2482,0.3,0.91,2024-06-18 08:36:16,46.8133385,9.8445015,0.6998770300497261,1.307323862032507,170,0.9681145319742257
24,2024-06-18,09:35:25,34,844,2392.2789334409654,2605.063674498322,2111.3204403943582,01616,4648.80037N,00950.66869E,58.7,0.1494,0.1250,0.1129,0.98,0.98,2024-06-18 09:35:25,46.8133395,9.844478166666667,0.5462880558742251,1.1703314012736825,170,0.9681145319742257
25,2024-06-18,09:35:55,34,844,2368.521413808348,2575.1085410485002,2091.6946633065436,01616,4648.80088N,00950.66945E,58.7,0.1581,0.1351,0.1210,0.94,0.99,2024-06-18 09:35:55,46.813348,9.844490833333333,0.5462880558742251,1.1703314012736825,170,0.9681145319742257
26,2024-06-18,09:36:07,34,844,2310.6770181811053,2517.2641454212576,2042.113752768907,01616,4648.80081N,00950.66922E,58.8,0.1793,0.1546,0.1416,0.83,0.99,2024-06-18 09:36:07,46.813346833333334,9.844487,0.5445427266222309,1.169092568600368,170,0.9681145319742257
27,2024-06-18,10:36:11,40,844,2452.1892003406097,2649.479906854955,2141.27557384418,01619,4648.80087N,00950.66960E,65.1,0.1461,0.1236,0.1113,0.95,0.99,2024-06-18 10:36:11,46.81334783333333,9.844493333333334,0.43458698374658816,1.10248233188678,170,0.9681145319742257
28,2024-06-18,10:36:48,40,844,2444.9586508872044,2641.216421765349,2136.1108956631765,01613,4648.80184N,00950.66983E,65.1,0.1489,0.1265,0.1135,0.95,0.99,2024-06-18 10:36:48,46.813364,9.844497166666667,0.43458698374658816,1.10248233188678,170,0.9681145319742257
29,2024-06-18,10:37:15,40,844,2472.8479130646247,2676.336233396175,2165.0330934767976,01612,4648.80207N,00950.66986E,65.1,0.1386,0.1146,0.1013,1.1,0.99,2024-06-18 10:37:15,46.81336783333333,9.844497666666667,0.43458698374658816,1.10248233188678,170,0.9681145319742257
30,2024-06-18,11:04:05,41,844,2483.1772694266324,2667.039812670368,2148.5061232975854,01617,4648.80192N,00950.66987E,66.4,0.1379,0.1199,0.1101,0.79,0.99,2024-06-18 11:04:05,46.81336533333333,9.844497833333334,0.4118977034706617,1.0912709211533682,170,0.9681145319742257
31,2024-06-18,11:04:22,41,844,2476.979655609428,2659.809263216963,2138.1767669355777,01614,4648.80226N,00950.66960E,66.4,0.1402,0.1224,0.1145,0.71,0.97,2024-06-18 11:04:22,46.813371,9.844493333333334,0.4118977034706617,1.0912709211533682,170,0.9681145319742257
32,2024-06-18,11:04:38,41,844,2482.1443337904316,2670.1386195789705,2145.407316388983,01612,4648.80223N,00950.66942E,66.4,0.1383,0.1189,0.1114,0.76,0.96,2024-06-18 11:04:38,46.8133705,9.844490333333333,0.4118977034706617,1.0912709211533682,170,0.9681145319742257
39,2024-06-19,08:06:25,34,842,1932.8470907285098,2114.6648822668412,1712.8062407417794,01616,4648.80122N,00950.66826E,45.0,0.2469,0.2338,0.2299,0.25,0.93,2024-06-19 08:06:25,46.813353666666664,9.844471,0.7853981633974483,1.414213562373095,171,0.9680020778543847
40,2024-06-19,08:07:15,33,842,1934.913201995991,2119.830160435544,1715.905407643001,01618,4648.80061N,00950.66876E,45.2,0.2472,0.2329,0.2294,0.26,0.91,2024-06-19 08:07:15,46.8133435,9.844479333333334,0.7819075048934596,1.4093027636414244,171,0.9680020778543847
41,2024-06-19,08:37:42,33,843,2071.276545649739,2255.1604484555514,1820.2440266507933,01613,4648.80096N,00950.66899E,50.1,0.2284,0.2128,0.2084,0.32,0.92,2024-06-19 08:37:42,46.813349333333335,9.844483166666667,0.6963863715457375,1.3035002927775803,171,0.9680020778543847
42,2024-06-19,08:37:57,33,843,2052.68154424241,2235.5323914144815,1803.715136510945,01612,4648.80078N,00950.66872E,50.2,0.2356,0.2197,0.2156,0.31,0.91,2024-06-19 08:37:57,46.813346333333335,9.844478666666667,0.6946410422937431,1.301602818869081,171,0.9680020778543847
44,2024-06-19,09:30:53,36,843,2260.325726624254,2450.4079632325097,1977.268482979352,01619,4648.80216N,00950.66865E,58.1,0.1956,0.1755,0.1674,0.55,0.96,2024-06-19 09:30:53,46.813369333333334,9.8444775,0.5567600313861911,1.1778955818805026,171,0.9680020778543847
45,2024-06-19,09:31:10,36,843,2260.325726624254,2450.4079632325097,1976.2354273456115,01619,4648.80167N,00950.66853E,58.1,0.1958,0.1756,0.1680,0.54,0.96,2024-06-19 09:31:10,46.81336116666667,9.8444755,0.5567600313861911,1.1778955818805026,171,0.9680020778543847
46,2024-06-19,09:31:28,36,843,2272.7223942291403,2462.8046308373955,1987.5990393167572,01620,4648.80143N,00950.66873E,58.1,0.1913,0.1715,0.1632,0.56,0.97,2024-06-19 09:31:28,46.81335716666667,9.844478833333334,0.5567600313861911,1.1778955818805026,171,0.9680020778543847
47,2024-06-19,10:04:24,37,843,2345.0362885909767,2541.3168590016753,2042.3509879050048,01618,4648.80187N,00950.66738E,62.2,0.1782,0.1550,0.1487,0.64,0.93,2024-06-19 10:04:24,46.8133645,9.844456333333333,0.48520153205442357,1.1304787554998594,171,0.9680020778543847
48,2024-06-19,10:04:42,37,843,2341.9371216897553,2533.052413931751,2039.251821003783,01616,4648.80164N,00950.66758E,62.2,0.1795,0.1580,0.1501,0.63,0.95,2024-06-19 10:04:42,46.81336066666667,9.844459666666667,0.48520153205442357,1.1304787554998594,171,0.9680020778543847
49,2024-06-19,10:05:02,37,843,2364.6643456320467,2549.5813040715993,2059.9129336785936,01613,4648.80161N,00950.66794E,62.3,0.1710,0.1523,0.1413,0.67,0.99,2024-06-19 10:05:02,46.81336016666667,9.844465666666666,0.48345620280242935,1.129441155788683,171,0.9680020778543847
50,2024-06-19,10:35:52,38,843,2438.0112956276234,2632.225754770841,2117.7640491680627,01620,4648.80171N,00950.66833E,65.0,0.1515,0.1296,0.1213,0.78,0.96,2024-06-19 10:35:52,46.81336183333333,9.844472166666666,0.4363323129985824,1.1033779189624917,171,0.9680020778543847
51,2024-06-19,10:36:11,38,843,2421.482405487775,2609.4985308285495,2105.3673815631764,01618,4648.80222N,00950.66877E,65.1,0.1577,0.1375,0.1266,0.77,0.99,2024-06-19 10:36:11,46.81337033333333,9.8444795,0.43458698374658816,1.10248233188678,171,0.9680020778543847
52,2024-06-19,10:36:26,38,843,2411.15184915037,2607.4324195610684,2097.1029364932524,01617,4648.80218N,00950.66912E,65.1,0.1616,0.1382,0.1302,0.76,0.95,2024-06-19 10:36:26,46.81336966666667,9.844485333333333,0.43458698374658816,1.10248233188678,171,0.9680020778543847
53,2024-06-19,11:05:43,39,843,2416.3171273190724,2607.4324195610684,2098.1359921269927,01618,4648.80365N,00950.67089E,66.5,0.1632,0.1408,0.1319,0.75,0.96,2024-06-19 11:05:43,46.81339416666667,9.844514833333333,0.41015237421866746,1.0904411040579713,171,0.9680020778543847
54,2024-06-19,11:05:59,39,843,2417.3501829528127,2609.4985308285495,2105.3673815631764,01618,4648.80365N,00950.67110E,66.5,0.1628,0.1401,0.1288,0.82,0.98,2024-06-19 11:05:59,46.81339416666667,9.844518333333333,0.41015237421866746,1.0904411040579713,171,0.9680020778543847
55,2024-06-19,11:06:16,39,843,2414.2510160515913,2607.4324195610684,2102.268214661955,01617,4648.80351N,00950.67107E,66.5,0.1640,0.1409,0.1301,0.81,0.98,2024-06-19 11:06:16,46.813391833333334,9.844517833333333,0.41015237421866746,1.0904411040579713,171,0.9680020778543847
65,2024-07-05,07:44:43,27,843,2518.9260993397775,2759.759000918016,2240.8829640412955,01610,4648.79482N,00950.67242E,40.4,0.0407,0.0329,0.0306,1.0,0.94,2024-07-05 07:44:43,46.813247,9.844540333333333,0.8656833089891874,1.5429243853794172,187,0.9674757828896804
66,2024-07-05,07:44:53,27,843,2514.791628926417,2754.5909129013157,2236.748493627935,01611,4648.79513N,00950.67092E,40.4,0.0419,0.0342,0.0319,0.96,0.94,2024-07-05 07:44:53,46.813252166666665,9.844515333333334,0.8656833089891874,1.5429243853794172,187,0.9674757828896804
80,2024-07-09,07:35:17,23,846,2322.9849234970316,2601.9911198245222,2127.680586067788,01602,4648.79094N,00950.68427E,38.4,0.0819,0.0635,0.0585,1.18,0.93,2024-07-09 07:35:17,46.81318233333333,9.844737833333333,0.9005898940290741,1.6099228424384644,191,0.9677204433233475
81,2024-07-09,07:35:24,23,846,2322.9849234970316,2610.2579700860774,2134.9140800466494,01603,4648.79131N,00950.68330E,38.4,0.0820,0.0616,0.0565,1.31,0.93,2024-07-09 07:35:24,46.8131885,9.844721666666667,0.9005898940290741,1.6099228424384644,191,0.9677204433233475
82,2024-07-09,07:35:36,23,846,2322.9849234970316,2600.9577635418277,2125.6138735023997,01602,4648.79189N,00950.68188E,38.4,0.0822,0.0640,0.0593,1.15,0.93,2024-07-09 07:35:36,46.813198166666666,9.844698,0.9005898940290741,1.6099228424384644,191,0.9677204433233475
83,2024-07-09,08:03:13,26,832,2395.31986328564,2657.7923590900205,2171.0815499409537,01608,4648.78940N,00950.68623E,43.1,0.0882,0.0671,0.0582,1.46,0.98,2024-07-09 08:03:13,46.813156666666664,9.8447705,0.8185594191853406,1.4635421971679012,191,0.9677204433233475
85,2024-07-09,08:03:33,26,846,2373.6193813490577,2635.0585208707435,2159.714630831315,01611,4648.79419N,00950.67291E,43.1,0.0919,0.0716,0.0611,1.43,0.99,2024-07-09 08:03:33,46.8132365,9.8445485,0.8185594191853406,1.4635421971679012,191,0.9677204433233475
86,2024-07-09,10:10:52,32,846,2534.8229614493857,2759.0612747940722,2223.7827203583684,01599,4648.79365N,00950.67567E,61.5,0.1067,0.0806,0.0721,1.38,0.95,2024-07-09 10:10:52,46.813227499999996,9.8445945,0.49741883681838395,1.1378931811773303,191,0.9677204433233475
87,2024-07-09,10:11:00,32,846,2519.3226172089694,2741.4942179882673,2211.3824449660356,01596,4648.79363N,00950.67518E,61.5,0.1122,0.0862,0.0771,1.32,0.96,2024-07-09 10:11:00,46.813227166666664,9.844586333333334,0.49741883681838395,1.1378931811773303,191,0.9677204433233475
88,2024-07-09,10:11:08,32,846,2510.0224106647197,2732.1940114440176,2200.015525856397,01594,4648.79369N,00950.67476E,61.5,0.1155,0.0892,0.0816,1.22,0.94,2024-07-09 10:11:08,46.81322816666667,9.844579333333334,0.49741883681838395,1.1378931811773303,191,0.9677204433233475
89,2024-07-10,07:15:24,24,847,2077.897905219195,2390.9775000881236,1996.2698920355465,01603,4648.79213N,00950.67766E,34.9,0.1262,0.0987,0.0849,1.39,0.99,2024-07-10 07:15:24,46.81320216666667,9.844627666666666,0.9616764178488756,1.7478060166333211,192,0.967805008585281
90,2024-07-10,07:15:36,24,847,2075.831373239862,2383.7446381604586,1991.1035620872144,01607,4648.79303N,00950.67834E,34.9,0.1270,0.1007,0.0865,1.34,0.99,2024-07-10 07:15:36,46.81321716666667,9.844639,0.9616764178488756,1.7478060166333211,192,0.967805008585281
91,2024-07-10,07:15:50,24,847,2086.164033136526,2394.077298057123,2000.4029559942123,01615,4648.79364N,00950.67712E,35.0,0.1244,0.0984,0.0840,1.38,0.99,2024-07-10 07:15:50,46.81322733333333,9.844618666666667,0.9599310885968813,1.7434467956210982,192,0.967805008585281
92,2024-07-10,07:16:07,24,847,2086.164033136526,2398.2103620157886,1999.3696900045459,0000M,4648.79335N,00950.67668E,35.0,0.1248,0.0976,0.0845,1.37,0.99,2024-07-10 07:16:07,46.8132225,9.844611333333333,0.9599310885968813,1.7434467956210982,192,0.967805008585281
93,2024-07-10,07:38:54,26,846,2158.4926524131765,2449.8736614991103,2030.3676696945388,01613,4648.79303N,00950.67248E,38.9,0.1307,0.1032,0.0893,1.34,0.99,2024-07-10 07:38:54,46.81321716666667,9.844541333333334,0.8918632477691024,1.5924503644263928,192,0.967805008585281
94,2024-07-10,07:39:30,26,846,2170.8918442891736,2469.5057153027724,2046.8999255292017,01610,4648.79353N,00950.67255E,39.0,0.1278,0.0986,0.0845,1.45,0.99,2024-07-10 07:39:30,46.8132255,9.8445425,0.8901179185171081,1.5890157290657494,192,0.967805008585281
95,2024-07-10,08:38:37,26,846,2325.881742739138,2599.697230000743,2121.295076785185,01592,4648.79463N,00950.66711E,48.7,0.1325,0.0990,0.0874,1.46,0.96,2024-07-10 08:38:37,46.81324383333333,9.844451833333334,0.7208209810736581,1.331089766440083,192,0.967805008585281
96,2024-07-10,08:38:51,27,846,2328.981540708138,2596.5974320317437,2121.295076785185,01591,4648.79366N,00950.66767E,48.8,0.1317,0.1000,0.0875,1.44,0.97,2024-07-10 08:38:51,46.81322766666667,9.844461166666667,0.7190756518216638,1.329053941086364,192,0.967805008585281
97,2024-07-10,08:39:02,27,846,2333.114604666803,2596.5974320317437,2127.4946727231836,01592,4648.79289N,00950.66891E,48.8,0.1305,0.1001,0.0854,1.49,0.99,2024-07-10 08:39:02,46.81321483333333,9.844481833333333,0.7190756518216638,1.329053941086364,192,0.967805008585281
98,2024-07-10,09:09:08,25,846,2363.07931836713,2621.395815783738,2133.694268661182,01609,4648.79482N,00950.67501E,53.4,0.1400,0.1060,0.0933,1.42,0.97,2024-07-10 09:09:08,46.813247,9.8445835,0.6387905062299246,1.2456131448333823,192,0.967805008585281
99,2024-07-10,09:09:22,25,846,2373.411978263794,2632.7617416700687,2147.1267265268457,01611,4648.79531N,00950.67693E,53.5,0.1366,0.1026,0.0884,1.53,0.98,2024-07-10 09:09:22,46.813255166666664,9.8446155,0.6370451769779303,1.2440025693531807,192,0.967805008585281
100,2024-07-10,09:09:38,25,846,2366.179116336129,2624.495613752737,2132.6610026715157,01615,4648.79571N,00950.67940E,53.5,0.1392,0.1053,0.0939,1.39,0.96,2024-07-10 09:09:38,46.813261833333335,9.844656666666667,0.6370451769779303,1.2440025693531807,192,0.967805008585281
101,2024-07-10,09:09:53,25,846,2362.0460523774636,2619.329283804405,2134.7275346508486,01616,4648.79560N,00950.67875E,53.5,0.1407,0.1070,0.0932,1.45,0.97,2024-07-10 09:09:53,46.81326,9.844645833333333,0.6370451769779303,1.2440025693531807,192,0.967805008585281
102,2024-07-11,07:08:19,23,847,2049.8008737274213,2363.883265669526,1979.5456018456346,01616,4648.79479N,00950.67138E,33.6,0.1240,0.0983,0.0845,1.35,0.99,2024-07-11 07:08:19,46.8132465,9.844523,0.9843656981248018,1.8070387980577343,193,0.9678988946825031
103,2024-07-11,07:08:28,23,847,2042.5687133866488,2363.883265669526,1975.4129387937646,01612,4648.79400N,00950.67406E,33.6,0.1262,0.0985,0.0857,1.36,0.98,2024-07-11 07:08:28,46.813233333333336,9.844567666666666,0.9843656981248018,1.8070387980577343,193,0.9678988946825031
104,2024-07-11,07:08:40,23,847,2046.7013764385188,2366.9827629584283,1976.446104556732,01613,4648.79302N,00950.67518E,33.6,0.1253,0.0979,0.0856,1.34,0.98,2024-07-11 07:08:40,46.813217,9.844586333333334,0.9843656981248018,1.8070387980577343,193,0.9678988946825031
105,2024-07-11,07:29:42,25,846,2162.415941890873,2462.0340131514336,2037.4028845718117,01622,4648.79318N,00950.66995E,37.2,0.1188,0.0927,0.0814,1.33,0.98,2024-07-11 07:29:42,46.81321966666667,9.844499166666667,0.921533845053006,1.6539885279647328,193,0.9678988946825031
106,2024-07-11,07:30:15,25,846,2165.5154391797755,2467.199841966271,2043.6018791496165,01614,4648.79460N,00950.66853E,37.3,0.1186,0.0918,0.0799,1.38,0.98,2024-07-11 07:30:15,46.81324333333333,9.8444755,0.9197885158010117,1.6501966036998805,193,0.9678988946825031
107,2024-07-11,07:30:34,25,846,2172.7475995205477,2474.432002307043,2049.8008737274213,01614,4648.79481N,00950.66904E,37.4,0.1169,0.0903,0.0783,1.41,0.98,2024-07-11 07:30:34,46.81324683333333,9.844484,0.9180431865490174,1.6464270301821493,193,0.9678988946825031
108,2024-07-11,07:57:00,25,846,2247.135534454204,2533.3224507961877,2083.895343905347,01606,4648.78862N,00950.68843E,41.8,0.1221,0.0936,0.0817,1.41,0.97,2024-07-11 07:57:00,46.81314366666667,9.844807166666667,0.8412486994612669,1.5003020027302587,193,0.9678988946825031
109,2024-07-11,07:57:40,26,846,2243.002871402334,2530.222953507285,2084.9285096683143,01601,4648.79086N,00950.68307E,41.9,0.1240,0.0948,0.0817,1.46,0.98,2024-07-11 07:57:40,46.813181,9.844717833333334,0.8395033702092726,1.497381329807535,193,0.9678988946825031
110,2024-07-11,07:57:53,26,846,2248.1687002171716,2530.222953507285,2090.0943384831517,01601,4648.79126N,00950.68258E,42.0,0.1227,0.0950,0.0802,1.49,0.99,2024-07-11 07:57:53,46.813187666666664,9.844709666666667,0.8377580409572782,1.4944765498646086,193,0.9678988946825031
111,2024-07-11,08:12:11,26,846,2282.2631703950974,2564.3174236852115,2103.5254934017285,01615,4648.78935N,00950.68996E,44.3,0.1250,0.0945,0.0824,1.47,0.97,2024-07-11 08:12:11,46.81315583333333,9.844832666666667,0.7976154681614086,1.431812878183043,193,0.9678988946825031
112,2024-07-11,08:12:27,26,846,2279.163673106195,2557.085263344439,2101.4591618757936,01614,4648.78968N,00950.68827E,44.4,0.1262,0.0966,0.0832,1.46,0.98,2024-07-11 08:12:27,46.81316133333333,9.8448045,0.7958701389094143,1.4292588193434115,193,0.9678988946825031
113,2024-07-11,08:12:39,27,846,2281.2300046321297,2557.085263344439,2103.5254934017285,0000M,4648.79028N,00950.68608E,44.4,0.1257,0.0967,0.0826,1.47,0.99,2024-07-11 08:12:39,46.81317133333334,9.844768,0.7958701389094143,1.4292588193434115,193,0.9678988946825031
114,2024-07-11,08:38:01,27,846,2294.6611595507065,2564.3174236852115,2103.5254934017285,01602,4648.79271N,00950.68719E,48.5,0.1417,0.1086,0.0932,1.47,0.98,2024-07-11 08:38:01,46.813211833333334,9.8447865,0.7243116395776468,1.3351924182467427,193,0.9678988946825031
115,2024-07-11,08:38:24,27,846,2311.191811758186,2583.947573181593,2112.8239852684355,01602,4648.78911N,00950.69235E,48.6,0.1366,0.1031,0.0900,1.46,0.97,2024-07-11 08:38:24,46.813151833333336,9.8448725,0.7225663103256524,1.3331359054501724,193,0.9678988946825031
116,2024-07-11,08:38:44,27,846,2312.2249775211535,2582.914407418625,2111.790819505468,01604,4648.78900N,00950.69283E,48.6,0.1365,0.1036,0.0905,1.44,0.97,2024-07-11 08:38:44,46.81315,9.8448805,0.7225663103256524,1.3331359054501724,193,0.9678988946825031
117,2024-07-11,08:39:33,27,846,2321.5234693878606,2588.0802362334625,2120.0561456092078,01610,4648.78946N,00950.69133E,48.8,0.1341,0.1025,0.0879,1.48,0.98,2024-07-11 08:39:33,46.81315766666667,9.8448555,0.7190756518216638,1.329053941086364,193,0.9678988946825031
118,2024-07-11,08:53:33,26,846,2331.855127017535,2597.3787281001696,2124.1888086610775,01596,4648.79501N,00950.65970E,51.0,0.1403,0.1063,0.0915,1.5,0.98,2024-07-11 08:53:33,46.81325016666667,9.844328333333333,0.6806784082777885,1.2867595658931672,193,0.9678988946825031
119,2024-07-11,08:53:56,27,846,2330.8219612545677,2595.3123965742348,2123.15564289811,01608,4648.79463N,00950.66910E,51.0,0.1409,0.1071,0.0920,1.5,0.98,2024-07-11 08:53:56,46.81324383333333,9.844485,0.6806784082777885,1.2867595658931672,193,0.9678988946825031
120,2024-07-11,09:15:24,27,846,2400.0440673733865,2655.236010826347,2160.349610364938,01650,4648.79292N,00950.70601E,54.2,0.1304,0.0977,0.0849,1.51,0.97,2024-07-11 09:15:24,46.81321533333333,9.845100166666667,0.62482787221397,1.2329485998353475,193,0.9678988946825031
121,2024-07-11,09:15:46,27,846,2397.9777358474516,2652.1365135374444,2161.382776127906,0000M,4648.79446N,00950.69515E,54.3,0.1313,0.0988,0.0846,1.54,0.98,2024-07-11 09:15:46,46.813241,9.844919166666667,0.6230825429619757,1.2314004248152048,193,0.9678988946825031
122,2024-07-11,09:16:05,27,846,2384.546580928875,2640.7716901448025,2152.0842842611987,0000M,4648.79454N,00950.69337E,54.3,0.1361,0.1024,0.0882,1.52,0.98,2024-07-11 09:16:05,46.813242333333335,9.8448895,0.6230825429619757,1.2314004248152048,193,0.9678988946825031
123,2024-07-11,09:30:30,27,846,2385.5797466918425,2632.506364041063,2151.051118498231,01610,4648.79377N,00950.67389E,56.3,0.1431,0.1100,0.0924,1.53,0.99,2024-07-11 09:30:30,46.8132295,9.844564833333333,0.5881759579220891,1.2019893566236353,193,0.9678988946825031
124,2024-07-11,09:30:41,27,846,2379.3807521140375,2635.605861329965,2148.984786972296,01607,4648.79503N,00950.67032E,56.4,0.1453,0.1091,0.0933,1.56,0.98,2024-07-11 09:30:41,46.8132505,9.844505333333334,0.5864306286700948,1.200593706972173,193,0.9678988946825031
125,2024-07-11,10:08:11,25,846,2396.9445700844844,2649.037016248542,2151.051118498231,01614,4648.79207N,00950.67834E,60.9,0.1542,0.1152,0.1005,1.51,0.97,2024-07-11 10:08:11,46.813201166666666,9.844639,0.5078908123303499,1.1444630232419408,193,0.9678988946825031
126,2024-07-11,10:08:25,25,846,2391.778741269647,2643.871187433705,2150.017952735264,01615,4648.79274N,00950.67534E,60.9,0.1562,0.1169,0.1009,1.53,0.97,2024-07-11 10:08:25,46.81321233333333,9.844589,0.5078908123303499,1.1444630232419408,193,0.9678988946825031
127,2024-07-11,10:08:43,25,846,2401.077233136354,2649.037016248542,2156.2169473130684,01618,4648.79363N,00950.67440E,61.0,0.1529,0.1153,0.0984,1.54,0.98,2024-07-11 10:08:43,46.813227166666664,9.844573333333333,0.5061454830783556,1.14335406787332,193,0.9678988946825031
128,2024-07-11,11:00:37,27,846,2450.6691897587916,2687.264149478338,2173.780765283515,01610,4648.78689N,00950.65452E,64.8,0.1453,0.1098,0.0969,1.42,0.96,2024-07-11 11:00:37,46.81311483333333,9.844242,0.4398229715025711,1.1051835787563997,193,0.9678988946825031
129,2024-07-11,11:00:46,27,846,2450.6691897587916,2690.36364676724,2182.046091387255,01608,4648.78817N,00950.65349E,64.8,0.1453,0.1088,0.0934,1.55,0.98,2024-07-11 11:00:46,46.813136166666666,9.844224833333334,0.4398229715025711,1.1051835787563997,193,0.9678988946825031
130,2024-07-11,11:01:00,27,846,2456.8681843365966,2700.6953043969147,2183.079257150222,01606,4648.78898N,00950.65148E,64.8,0.1431,0.1053,0.0930,1.51,0.96,2024-07-11 11:01:00,46.81314966666667,9.844191333333333,0.4398229715025711,1.1051835787563997,193,0.9678988946825031
131,2024-07-15,06:35:05,24,844,1856.733806618231,2208.87297683893,1888.7464584564764,01602,4648.79486N,00950.67645E,27.4,0.1219,0.0963,0.0807,1.45,1.0,2024-07-15 06:35:05,46.81324766666667,9.8446075,1.0925761117484503,2.1729692908693634,197,0.9683671367382457
132,2024-07-15,06:35:23,24,844,1869.125800878197,2219.199638722235,1899.0731203397813,01607,4648.79215N,00950.67768E,27.4,0.1194,0.0945,0.0784,1.47,1.0,2024-07-15 06:35:23,46.8132025,9.844628,1.0925761117484503,2.1729692908693634,197,0.9683671367382457
133,2024-07-15,06:35:40,24,844,1863.9624699365445,2218.1669725339043,1897.0077879631203,01601,4648.79245N,00950.68153E,27.5,0.1211,0.0950,0.0792,1.49,1.0,2024-07-15 06:35:40,46.8132075,9.844692166666666,1.090830782496456,2.1656805702002004,197,0.9683671367382457
134,2024-07-15,06:35:53,24,844,1857.7664728065615,2205.7749782739384,1887.7137922681459,01597,4648.79264N,00950.68432E,27.5,0.1230,0.0978,0.0816,1.44,1.0,2024-07-15 06:35:53,46.81321066666667,9.844738666666666,1.090830782496456,2.1656805702002004,197,0.9683671367382457
135,2024-07-15,07:01:39,25,844,2022.9930629394407,2351.3809108285386,1984.7844139712124,01613,4648.79647N,00950.66526E,31.9,0.1192,0.0929,0.0767,1.54,1.0,2024-07-15 07:01:39,46.8132745,9.844421,1.0140362954087054,1.89236838868895,197,0.9683671367382457
136,2024-07-15,07:01:59,25,844,2027.1237276927627,2356.544241770191,1986.8497463478734,01614,4648.79568N,00950.66930E,32.0,0.1186,0.0920,0.0764,1.54,1.0,2024-07-15 07:01:59,46.81326133333334,9.844488333333333,1.0122909661567112,1.8870799147998585,197,0.9683671367382457
137,2024-07-15,07:02:21,25,844,2016.7970658094578,2351.3809108285386,1976.5230844645685,01613,4648.79463N,00950.67231E,32.1,0.1218,0.0935,0.0794,1.5,0.99,2024-07-15 07:02:21,46.81324383333333,9.8445385,1.0105456369047168,1.881826633610659,197,0.9683671367382457
138,2024-07-15,07:02:45,25,844,2016.7970658094578,2348.282912263547,1977.555750652899,01613,4648.79373N,00950.67472E,32.1,0.1224,0.0946,0.0794,1.51,0.99,2024-07-15 07:02:45,46.81322883333333,9.844578666666667,1.0105456369047168,1.881826633610659,197,0.9683671367382457
139,2024-07-15,07:23:42,26,844,2123.1616832074988,2441.2228692132917,2032.2870586344152,01613,4648.79551N,00950.66909E,35.7,0.1201,0.0911,0.0778,1.52,0.98,2024-07-15 07:23:42,46.8132585,9.844484833333333,0.9477137838329209,1.713675025069875,197,0.9683671367382457
140,2024-07-15,07:23:57,26,844,2136.586343655795,2446.386200154944,2043.6463867060506,01612,4648.79652N,00950.66500E,35.8,0.1167,0.0900,0.0747,1.56,1.0,2024-07-15 07:23:57,46.81327533333334,9.844416666666667,0.9459684545809267,1.7095253943319157,197,0.9683671367382457
141,2024-07-15,07:24:16,26,844,2124.1943493958292,2431.9288735183172,2025.0583953161017,01612,4648.79696N,00950.66271E,35.8,0.1205,0.0937,0.0802,1.43,0.99,2024-07-15 07:24:16,46.813282666666666,9.8443785,0.9459684545809267,1.7095253943319157,197,0.9683671367382457
142,2024-07-15,07:43:04,27,844,2194.415650202303,2489.758180064825,2068.4303752259825,01617,4648.78635N,00950.69957E,39.0,0.1214,0.0937,0.0781,1.55,0.99,2024-07-15 07:43:04,46.81310583333333,9.844992833333333,0.8901179185171081,1.5890157290657494,197,0.9683671367382457
143,2024-07-15,07:43:26,27,844,2209.9056430272603,2515.5748347730873,2078.7570371092875,01619,4648.78630N,00950.69886E,39.1,0.1174,0.0875,0.0752,1.56,0.98,2024-07-15 07:43:26,46.813105,9.844981,0.8883725892651138,1.5856006972472185,197,0.9683671367382457
144,2024-07-15,08:03:26,28,843,2228.4936344172093,2520.73816571474,2088.051032804262,01604,4648.79241N,00950.67836E,42.4,0.1316,0.0995,0.0823,1.65,0.99,2024-07-15 08:03:26,46.81320683333333,9.844639333333333,0.8307767239493009,1.4830141764488962,197,0.9683671367382457
145,2024-07-15,08:04:00,28,843,2218.1669725339043,2513.5095023964263,2071.528373790974,01604,4648.79175N,00950.67810E,42.5,0.1352,0.1018,0.0879,1.51,0.98,2024-07-15 08:04:00,46.81319583333333,9.844635,0.8290313946973066,1.4801872329222612,197,0.9683671367382457
146,2024-07-15,08:04:19,28,843,2220.2323049105653,2509.3788376431044,2083.92036805094,01604,4648.79145N,00950.67811E,42.6,0.1349,0.1031,0.0840,1.66,1.0,2024-07-15 08:04:19,46.81319083333333,9.844635166666666,0.8272860654453121,1.4773755381932514,197,0.9683671367382457
147,2024-07-15,08:18:43,28,843,2254.3102891254716,2538.293490916358,2093.2143637459144,01525,4648.78187N,00950.64622E,44.9,0.1373,0.1040,0.0876,1.58,0.99,2024-07-15 08:18:43,46.81303116666667,9.844103666666667,0.7871434926494426,1.4166883063990245,197,0.9683671367382457
148,2024-07-15,08:19:00,28,843,2260.5062862554546,2543.4568218580107,2100.443027064228,01548,4648.78315N,00950.66328E,45.0,0.1356,0.1027,0.0853,1.63,0.99,2024-07-15 08:19:00,46.8130525,9.844388,0.7853981633974483,1.414213562373095,197,0.9683671367382457
149,2024-07-15,08:19:20,28,843,2270.8329481387595,2553.7834837413156,2106.639024194211,01615,4648.78540N,00950.70467E,45.0,0.1326,0.1001,0.0833,1.63,0.99,2024-07-15 08:19:20,46.81309,9.845077833333333,0.7853981633974483,1.414213562373095,197,0.9683671367382457
150,2024-07-15,08:32:15,28,843,2294.5842704703614,2573.404141319595,2120.0636846425073,01616,4648.79792N,00950.66852E,47.1,0.1355,0.1016,0.0841,1.67,0.99,2024-07-15 08:32:15,46.81329866666667,9.844475333333333,0.7487462491055673,1.3651077659142672,197,0.9683671367382457
151,2024-07-15,08:32:30,28,843,2280.1269438337345,2549.6528189879937,2104.57369181755,01610,4648.79831N,00950.66733E,47.1,0.1403,0.1086,0.0895,1.57,1.0,2024-07-15 08:32:30,46.813305166666666,9.8444555,0.7487462491055673,1.3651077659142672,197,0.9683671367382457
152,2024-07-15,08:32:44,28,843,2291.48627190537,2569.273476566273,2114.900353700855,01605,4648.79984N,00950.66453E,47.2,0.1369,0.1031,0.0860,1.63,0.99,2024-07-15 08:32:44,46.813330666666666,9.844408833333333,0.747000919853573,1.3628994107763752,197,0.9683671367382457
153,2024-07-15,08:47:49,28,843,2298.7149352236834,2574.4368075079256,2121.0963508308378,01611,4648.79319N,00950.67251E,49.6,0.1457,0.1092,0.0896,1.7,0.99,2024-07-15 08:47:49,46.813219833333335,9.844541833333333,0.7051130178057091,1.313131578678673,197,0.9683671367382457
154,2024-07-15,08:48:00,28,843,2298.7149352236834,2575.469473696256,2120.0636846425073,01608,4648.79025N,00950.67912E,49.6,0.1458,0.1090,0.0900,1.69,0.99,2024-07-15 08:48:00,46.81317083333333,9.844652,0.7051130178057091,1.313131578678673,197,0.9683671367382457
155,2024-07-15,08:48:13,28,843,2300.7802676003444,2575.469473696256,2116.965686077516,01609,4648.79192N,00950.67636E,49.6,0.1453,0.1091,0.0912,1.63,0.99,2024-07-15 08:48:13,46.813198666666665,9.844606,0.7051130178057091,1.313131578678673,197,0.9683671367382457
156,2024-07-15,08:59:35,27,843,2350.348244640208,2622.972118359459,2144.847673162439,01635,4648.79326N,00950.70238E,51.4,0.1364,0.1002,0.0850,1.66,0.98,2024-07-15 08:59:35,46.813221,9.845039666666667,0.6736970912698113,1.279557011353757,197,0.9683671367382457
157,2024-07-15,08:59:50,28,843,2361.7075727118436,2629.168115489442,2153.109002669083,01632,4648.79338N,00950.69541E,51.4,0.1328,0.0984,0.0821,1.69,0.99,2024-07-15 08:59:50,46.813223,9.8449235,0.6736970912698113,1.279557011353757,197,0.9683671367382457
158,2024-07-15,09:00:09,28,843,2342.086915133564,2606.449459346171,2134.521011279134,01629,4648.79326N,00950.69286E,51.4,0.1396,0.1053,0.0890,1.58,0.99,2024-07-15 09:00:09,46.813221,9.844881,0.6736970912698113,1.279557011353757,197,0.9683671367382457
159,2024-08-06,07:06:12,20,842,2177.7413834771355,2491.048516477384,2067.8270778016386,01619,4648.80217N,00950.66972E,29.4,0.0631,0.0507,0.0463,1.09,0.96,2024-08-06 07:06:12,46.8133695,9.844495333333333,1.0576695267085636,2.0370591844852357,219,0.973485656324838
160,2024-08-06,07:06:42,20,842,2165.4145454574536,2476.6672054544215,2059.6091857885176,0000M,4648.80115N,00950.66985E,29.5,0.0665,0.0540,0.0485,1.11,0.98,2024-08-06 07:06:42,46.8133525,9.8444975,1.0559241974565694,2.0307720446801567,219,0.973485656324838
162,2024-08-06,07:34:20,21,842,2285.6012161493522,2581.4453286217176,2122.270612388567,01614,4648.80145N,00950.66962E,34.1,0.0683,0.0525,0.0480,1.24,0.94,2024-08-06 07:34:20,46.8133575,9.844493666666667,0.9756390518648302,1.7836789978888938,219,0.973485656324838
164,2024-08-06,08:02:04,31,842,2367.780136280565,2636.9160997102863,2163.3600724541734,01619,4648.80181N,00950.66998E,38.7,0.0725,0.0568,0.0493,1.36,0.98,2024-08-06 08:02:04,46.8133635,9.844499666666668,0.895353906273091,1.5993790408680628,219,0.973485656324838
165,2024-08-06,08:02:19,31,842,2371.8890822871253,2643.0795187201275,2165.4145454574536,01620,4648.80137N,00950.67022E,38.8,0.0716,0.0555,0.0488,1.35,0.97,2024-08-06 08:02:19,46.813356166666665,9.844503666666666,0.8936085770210968,1.5959047517161618,219,0.973485656324838
166,2024-08-06,08:02:35,31,842,2366.7528997789245,2639.997809215207,2163.3600724541734,01621,4648.80125N,00950.67035E,38.8,0.0732,0.0564,0.0495,1.38,0.97,2024-08-06 08:02:35,46.81335416666667,9.844505833333333,0.8936085770210968,1.5959047517161618,219,0.973485656324838
167,2024-08-06,08:31:40,35,841,2437.6322183920956,2693.4141073004953,2198.286113509939,01620,4648.80077N,00950.67126E,43.4,0.0759,0.0579,0.0499,1.47,0.98,2024-08-06 08:31:40,46.81334616666667,9.844521,0.8133234314293576,1.4554186828825164,219,0.973485656324838
168,2024-08-06,08:31:59,35,841,2429.4143263789742,2690.3323977955747,2195.204404005018,01619,4648.80117N,00950.67126E,43.5,0.0784,0.0589,0.0509,1.52,0.97,2024-08-06 08:31:59,46.81335283333333,9.844521,0.8115781021773633,1.4527396712546818,219,0.973485656324838
169,2024-08-06,08:32:20,35,841,2427.359853375694,2683.1417422840937,2193.149931001738,0000M,4648.80111N,00950.67138E,43.5,0.0792,0.0609,0.0517,1.5,0.99,2024-08-06 08:32:20,46.813351833333336,9.844523,0.8115781021773633,1.4527396712546818,219,0.973485656324838
170,2024-08-06,09:02:31,31,841,2497.2119354872248,2737.585276871022,2221.912553047662,01611,4648.80032N,00950.66843E,48.0,0.0772,0.0588,0.0514,1.43,0.97,2024-08-06 09:02:31,46.81333866666667,9.844473833333334,0.7330382858376184,1.3456327296063761,219,0.973485656324838
171,2024-08-06,09:02:52,31,841,2487.9668069724635,2726.28567535298,2205.47676902142,01610,4648.80027N,00950.66854E,48.0,0.0802,0.0620,0.0570,1.2,0.93,2024-08-06 09:02:52,46.813337833333335,9.844475666666666,0.7330382858376184,1.3456327296063761,219,0.973485656324838
172,2024-08-06,09:03:08,31,841,2493.1029894806643,2731.421857861181,2213.6946610345412,01610,4648.80011N,00950.66879E,48.1,0.0788,0.0607,0.0544,1.3,0.96,2024-08-06 09:03:08,46.81333516666667,9.844479833333333,0.7312929565856241,1.343523427875777,219,0.973485656324838
173,2024-08-06,09:33:11,32,841,2543.437578061032,2774.5657909300676,2243.484519582106,01625,4648.79787N,00950.66820E,52.1,0.0775,0.0580,0.0511,1.46,0.96,2024-08-06 09:33:11,46.81329783333334,9.84447,0.6614797865058508,1.2672920658506186,219,0.973485656324838
174,2024-08-06,09:33:28,32,841,2535.2196860479107,2768.4023719202264,2235.2666275689844,01623,4648.79980N,00950.66846E,52.1,0.0802,0.0599,0.0541,1.38,0.94,2024-08-06 09:33:28,46.81333,9.844474333333334,0.6614797865058508,1.2672920658506186,219,0.973485656324838
175,2024-08-06,09:33:44,32,841,2540.3558685561115,2774.5657909300676,2246.5662290870264,01623,4648.80035N,00950.66858E,52.1,0.0787,0.0582,0.0502,1.58,0.97,2024-08-06 09:33:44,46.813339166666665,9.844476333333333,0.6614797865058508,1.2672920658506186,219,0.973485656324838
176,2024-08-06,10:06:57,29,841,2578.3636191167975,2808.4645954841926,2258.8930671067083,01617,4648.79907N,00950.66847E,55.8,0.0778,0.0557,0.0512,1.47,0.91,2024-08-06 10:06:57,46.813317833333336,9.8444745,0.5969026041820608,1.2090720434065412,219,0.973485656324838
177,2024-08-06,10:07:13,29,841,2579.3908556184374,2799.2194669694313,2257.865830605068,01616,4648.79934N,00950.66884E,55.8,0.0776,0.0585,0.0517,1.43,0.96,2024-08-06 10:07:13,46.81332233333333,9.844480666666668,0.5969026041820608,1.2090720434065412,219,0.973485656324838
178,2024-08-06,10:08:08,28,841,2581.4453286217176,2805.3828859792725,2264.029249614909,01615,4648.79976N,00950.66927E,55.9,0.0772,0.0568,0.0495,1.56,0.96,2024-08-06 10:08:08,46.813329333333336,9.844487833333334,0.5951572749300664,1.2076414702992524,219,0.973485656324838
179,2024-08-06,10:35:36,32,841,2600.962822152881,2816.682487497314,2269.16543212311,01624,4648.80004N,00950.66841E,58.1,0.0768,0.0574,0.0505,1.47,0.96,2024-08-06 10:35:36,46.813334,9.8444735,0.5567600313861911,1.1778955818805026,219,0.973485656324838
180,2024-08-06,10:35:52,32,841,2594.79940314304,2815.655250995674,2270.19266862475,01623,4648.80080N,00950.66847E,58.1,0.0788,0.0577,0.0502,1.59,0.96,2024-08-06 10:35:52,46.81334666666667,9.8444745,0.5567600313861911,1.1778955818805026,219,0.973485656324838
181,2024-08-06,10:36:10,32,841,2585.5542746282786,2804.355649477632,2263.0020131132687,01621,4648.80092N,00950.66795E,58.1,0.0819,0.0612,0.0529,1.54,0.97,2024-08-06 10:36:10,46.81334866666667,9.844465833333333,0.5567600313861911,1.1778955818805026,219,0.973485656324838
182,2024-08-06,12:11:45,32,841,2547.5465240675926,2768.4023719202264,2238.348337073905,01615,4648.80250N,00950.67069E,58.0,0.0941,0.0719,0.0620,1.46,0.98,2024-08-06 12:11:45,46.813375,9.8445115,0.5585053606381855,1.1791784033620965,219,0.973485656324838
183,2024-08-06,12:12:00,32,841,2532.13797654299,2752.9938243956244,2227.048735555863,01614,4648.80346N,00950.67110E,58.0,0.0992,0.0766,0.0663,1.42,0.98,2024-08-06 12:12:00,46.813391,9.844518333333333,0.5585053606381855,1.1791784033620965,219,0.973485656324838
184,2024-08-06,12:12:11,31,841,2538.3013955528313,2764.293425913666,2231.157681562424,01614,4648.80357N,00950.67111E,58.0,0.0971,0.0731,0.0647,1.43,0.96,2024-08-06 12:12:11,46.81339283333333,9.8445185,0.5585053606381855,1.1791784033620965,219,0.973485656324838
185,2024-08-06,12:35:42,32,841,2516.7294290183877,2741.6942228775824,2221.912553047662,01616,4648.80306N,00950.66942E,56.1,0.0988,0.0762,0.0654,1.45,0.99,2024-08-06 12:35:42,46.81338433333333,9.844490333333333,0.5916666164260777,1.2048014444570554,219,0.973485656324838
186,2024-08-06,12:35:54,32,841,2516.7294290183877,2750.9393513923437,2224.9942625525828,01615,4648.80327N,00950.66964E,56.1,0.0987,0.0734,0.0642,1.51,0.97,2024-08-06 12:35:54,46.81338783333333,9.844494,0.5916666164260777,1.2048014444570554,219,0.973485656324838
187,2024-08-06,12:36:08,32,841,2509.5387735069066,2736.5580403693816,2219.858080044382,01614,4648.80348N,00950.66974E,56.1,0.1010,0.0777,0.0661,1.49,0.99,2024-08-06 12:36:08,46.813391333333335,9.844495666666667,0.5916666164260777,1.2048014444570554,219,0.973485656324838
188,2024-08-06,13:03:09,34,841,2480.7761514609824,2714.9860738349385,2203.4222960181396,01627,4648.80179N,00950.66899E,53.2,0.1012,0.0779,0.0674,1.42,0.98,2024-08-06 13:03:09,46.81336316666667,9.844483166666667,0.6422811647339133,1.2488582766716962,219,0.973485656324838
189,2024-08-06,13:03:27,34,841,2485.9123339691832,2724.2312023496997,2210.6129515296207,01628,4648.80248N,00950.66921E,53.2,0.0994,0.0751,0.0647,1.5,0.98,2024-08-06 13:03:27,46.81337466666667,9.844486833333333,0.6422811647339133,1.2488582766716962,219,0.973485656324838
190,2024-08-06,13:03:44,34,841,2484.885097467543,2727.3129118546203,2214.721897536181,01629,4648.80262N,00950.66980E,53.2,0.0996,0.0741,0.0632,1.6,0.98,2024-08-06 13:03:44,46.813377,9.844496666666666,0.6422811647339133,1.2488582766716962,219,0.973485656324838
191,2024-08-06,14:31:40,33,840,2150.005997932851,2420.169197864213,1991.8115766802669,01618,4648.80098N,00950.67078E,40.7,0.1456,0.1196,0.1081,1.05,0.97,2024-08-06 14:31:40,46.81334966666667,9.844513,0.8604473212332044,1.5335108844402192,219,0.973485656324838
192,2024-08-06,14:31:48,33,840,2179.7958564804158,2445.850110405217,2019.5469622245512,01618,4648.80150N,00950.67045E,40.7,0.1365,0.1126,0.0991,1.12,0.99,2024-08-06 14:31:48,46.81335833333333,9.8445075,0.8604473212332044,1.5335108844402192,219,0.973485656324838
193,2024-08-06,14:32:00,33,840,2050.364057273756,2293.8191081624736,1891.1423995195314,01619,4648.80172N,00950.67030E,40.6,0.1762,0.1542,0.1417,0.76,0.99,2024-08-06 14:32:00,46.813362,9.844505,0.8621926504851988,1.536631251621152,219,0.973485656324838
194,2024-08-06,15:02:02,31,840,2109.943774368885,2405.787886841251,2004.138414699949,01617,4648.80146N,00950.67044E,35.7,0.1246,0.1001,0.0863,1.29,0.99,2024-08-06 15:02:02,46.81335766666667,9.844507333333333,0.9477137838329209,1.713675025069875,219,0.973485656324838
195,2024-08-06,15:02:26,31,840,2110.9710108705253,2407.842359844531,2012.3563067130701,01617,4648.80096N,00950.67035E,35.7,0.1239,0.0992,0.0836,1.38,1.0,2024-08-06 15:02:26,46.813349333333335,9.844505833333333,0.9477137838329209,1.713675025069875,219,0.973485656324838
197,2024-08-20,10:33:01,27,840,2388.727281507822,2622.695864683738,2135.3464578063936,01614,4648.80090N,00950.67069E,54.0,0.1345,0.1077,0.0942,1.25,0.99,2024-08-20 10:33:01,46.81334833333333,9.8445115,0.6283185307179586,1.2360679774997896,233,0.9787638874054296
198,2024-08-20,10:52:46,32,840,2382.5971002892393,2620.65247094421,2128.194579718047,01620,4648.80102N,00950.66973E,54.9,0.1400,0.1107,0.0988,1.22,0.97,2024-08-20 10:52:46,46.81335033333333,9.8444955,0.6126105674500097,1.2222701770860682,233,0.9787638874054296
199,2024-08-23,08:33:27,23,843,2226.3718849120182,2490.638758510649,2044.7521802766655,01619,4648.79914N,00950.66848E,40.0,0.1187,0.0980,0.0888,1.02,0.97,2024-08-23 08:33:27,46.813319,9.844474666666667,0.8726646259971648,1.5557238268604123,236,0.9800698682853823
200,2024-08-23,08:48:00,28,843,2263.1039600068084,2526.3504981861397,2074.341907436358,01620,4648.80026N,00950.66745E,42.1,0.1196,0.0969,0.0859,1.16,0.98,2024-08-23 08:48:00,46.81333766666667,9.8444575,0.8360127117052838,1.4915875529420985,236,0.9800698682853823
201,2024-08-23,09:03:10,31,843,2280.449662134904,2532.472510701938,2077.402913694257,01619,4648.79986N,00950.66741E,44.2,0.1253,0.1029,0.0908,1.13,0.99,2024-08-23 09:03:10,46.813331,9.844456833333334,0.7993607974134029,1.4343804586682098,236,0.9800698682853823
202,2024-08-23,09:17:43,30,843,2305.9580476173974,2552.8792190879326,2090.6672741451534,01620,4648.80156N,00950.66843E,46.0,0.1267,0.1039,0.0914,1.14,0.99,2024-08-23 09:17:43,46.81335933333333,9.844473833333334,0.767944870877505,1.3901635910166787,236,0.9800698682853823
203,2024-08-23,09:35:36,31,843,2321.2630789068935,2563.0825732809303,2108.012976273249,01612,4648.80312N,00950.66946E,48.1,0.1318,0.1080,0.0908,1.3,1.0,2024-08-23 09:35:36,46.813385333333336,9.844491,0.7312929565856241,1.343523427875777,236,0.9800698682853823
204,2024-08-23,09:50:15,30,843,2362.0764956788826,2604.9163254722193,2129.4400200785435,01616,4648.80295N,00950.67068E,49.7,0.1255,0.1006,0.0868,1.29,0.99,2024-08-23 09:50:15,46.8133825,9.844511333333333,0.7033676885537148,1.3111859520887792,236,0.9800698682853823
205,2024-08-23,10:01:45,27,843,2351.8731414858853,2589.611294182723,2101.8909637574507,01616,4648.80242N,00950.67039E,50.7,0.1334,0.1083,0.0993,1.04,0.96,2024-08-23 10:01:45,46.813373666666664,9.8445065,0.6859143960337715,1.292256447042761,236,0.9800698682853823
206,2024-08-23,10:16:17,29,843,2377.3815269683787,2614.0993442459167,2139.643374271541,01613,4648.80221N,00950.66959E,51.9,0.1298,0.1044,0.0881,1.36,1.0,2024-08-23 10:16:17,46.813370166666665,9.844493166666666,0.6649704450098396,1.2707529492176177,236,0.9800698682853823
207,2024-08-23,10:23:52,29,843,2370.2391790332804,2615.1196796652166,2133.5213617557424,01616,4648.80225N,00950.66986E,52.5,0.1343,0.1056,0.0915,1.35,0.99,2024-08-23 10:23:52,46.81337083333333,9.844497666666667,0.6544984694978736,1.2604724140102646,236,0.9800698682853823
208,2024-08-23,10:32:43,28,843,2390.6458874192754,2629.404375535413,2144.7450513680396,01614,4648.80159N,00950.67038E,53.0,0.1296,0.1028,0.0885,1.34,0.99,2024-08-23 10:32:43,46.81335983333334,9.844506333333333,0.6457718232379019,1.2521356581562257,236,0.9800698682853823
209,2024-08-23,11:53:49,25,843,2305.9580476173974,2546.7572065721342,2072.3012365977584,01621,4648.79959N,00950.66901E,53.6,0.1610,0.1301,0.1174,1.11,0.97,2024-08-23 11:53:49,46.8133265,9.8444835,0.635299847725936,1.2423999331154147,236,0.9800698682853823
210,2024-08-23,12:00:34,26,843,2298.815699682299,2544.716535733535,2077.402913694257,01618,4648.80183N,00950.66988E,53.3,0.1622,0.1298,0.1147,1.22,0.98,2024-08-23 12:00:34,46.813363833333334,9.844498,0.640535835481919,1.2472317002634994,236,0.9800698682853823
211,2024-08-23,12:15:36,33,843,2237.595574524315,2487.5777522527496,2043.7318448573658,01607,4648.80010N,00950.66990E,52.4,0.1798,0.1451,0.1255,1.26,0.99,2024-08-23 12:15:36,46.813335,9.844498333333334,0.6562437987498679,1.2621646747333422,236,0.9800698682853823
212,2024-08-23,12:29:17,34,843,2244.7379224594133,2496.7607710264474,2043.7318448573658,0000M,4648.79940N,00950.66844E,51.4,0.1726,0.1388,0.1228,1.19,0.98,2024-08-23 12:29:17,46.81332333333334,9.844474,0.6736970912698113,1.279557011353757,236,0.9800698682853823
215,2024-08-23,13:14:16,33,843,2258.00228291031,2523.2894919282403,2074.341907436358,01605,4648.80000N,00950.66790E,46.9,0.1461,0.1152,0.0993,1.35,0.99,2024-08-23 13:14:16,46.81333333333333,9.844465,0.7522369076095561,1.3695585652932902,236,0.9800698682853823
216,2024-08-23,13:30:16,33,843,2239.6362453629145,2502.8827835422458,2059.0368761468617,01612,4648.80046N,00950.66720E,44.9,0.1416,0.1138,0.0991,1.25,0.99,2024-08-23 13:30:16,46.813341,9.844453333333334,0.7871434926494426,1.4166883063990245,236,0.9800698682853823
217,2024-08-23,13:45:21,34,843,2213.1075244611216,2477.3743980597524,2055.9758698889627,01611,4648.80083N,00950.66817E,42.9,0.1389,0.1130,0.0941,1.36,1.0,2024-08-23 13:45:21,46.81334716666667,9.8444695,0.8220500776893293,1.469030913551074,236,0.9800698682853823
218,2024-08-23,13:57:50,33,843,2196.782157752326,2472.272720963254,2049.8538573731644,01613,4648.80105N,00950.66760E,41.1,0.1337,0.1073,0.0907,1.36,1.0,2024-08-23 13:57:50,46.81335083333333,9.84446,0.8534660042252271,1.5212011806012264,236,0.9800698682853823
219,2024-08-23,14:01:03,33,843,2174.3347785277315,2454.9270188351584,2037.6098323415674,01612,4648.80100N,00950.66694E,40.7,0.1377,0.1099,0.0931,1.37,1.0,2024-08-23 14:01:03,46.81335,9.844449,0.8604473212332044,1.5335108844402192,236,0.9800698682853823
220,2024-08-29,07:12:54,23,849,1645.2259496967804,2014.5623873838126,1756.1286265780104,01616,4648.79236N,00950.67775E,26.1,0.1613,0.1273,0.1056,1.48,1.0,2024-08-29 07:12:54,46.813206,9.844629166666667,1.1152653920243765,2.2730415214619573,242,0.9828437244732358
221,2024-08-29,07:13:08,23,849,1654.383051457616,2018.6322103886284,1765.285728338846,01616,4648.79244N,00950.67683E,26.1,0.1593,0.1267,0.1036,1.5,1.0,2024-08-29 07:13:08,46.81320733333333,9.844613833333334,1.1152653920243765,2.2730415214619573,242,0.9828437244732358
222,2024-08-29,07:13:22,23,849,1651.330684204004,2021.6845776422404,1764.268272587642,0000M,4648.79225N,00950.67808E,26.1,0.1605,0.1264,0.1041,1.52,1.0,2024-08-29 07:13:22,46.813204166666665,9.844634666666666,1.1152653920243765,2.2730415214619573,242,0.9828437244732358
223,2024-08-29,07:33:39,23,849,1798.8617681285762,2146.8316350403256,1848.7170999375694,01613,4648.79133N,00950.68079E,29.4,0.1561,0.1234,0.1011,1.52,1.0,2024-08-29 07:33:39,46.813188833333335,9.844679833333334,1.0576695267085636,2.0370591844852357,242,0.9828437244732358
224,2024-08-29,07:33:56,23,849,1792.7570336213525,2143.7792677867137,1843.6298211815497,0000M,4648.79262N,00950.67749E,29.5,0.1582,0.1244,0.1027,1.51,1.0,2024-08-29 07:33:56,46.81321033333333,9.844624833333333,1.0559241974565694,2.0307720446801567,242,0.9828437244732358
225,2024-08-29,07:34:39,23,849,1795.8094008749642,2139.709444781898,1843.6298211815497,01613,4648.79170N,00950.67876E,29.6,0.1585,0.1261,0.1033,1.5,1.0,2024-08-29 07:34:39,46.813195,9.844646,1.054178868204575,2.024529742569355,242,0.9828437244732358
226,2024-08-29,07:48:09,24,849,1878.223316722484,2216.018626122194,1886.3629627321154,01629,4648.78717N,00950.68829E,31.8,0.1560,0.1226,0.1025,1.47,1.0,2024-08-29 07:48:09,46.8131195,9.844804833333333,1.0157816246606999,1.8976923843440396,242,0.9828437244732358
227,2024-08-29,07:48:24,24,849,1885.3455069809115,2227.2106393854374,1897.554975995359,01629,4648.78693N,00950.68977E,31.8,0.1544,0.1202,0.0995,1.54,1.0,2024-08-29 07:48:24,46.8131155,9.8448295,1.0157816246606999,1.8976923843440396,242,0.9828437244732358
228,2024-08-29,07:48:41,24,849,1880.2582282248918,2221.1059048782136,1891.4502414881351,01628,4648.78713N,00950.68967E,31.9,0.1562,0.1219,0.1015,1.51,1.0,2024-08-29 07:48:41,46.813118833333334,9.844827833333333,1.0140362954087054,1.89236838868895,242,0.9828437244732358
229,2024-08-29,07:59:39,25,849,1945.3753963019444,2275.0310596920226,1932.148471536293,01627,4648.78731N,00950.68629E,33.6,0.1526,0.1194,0.0978,1.56,1.0,2024-08-29 07:59:39,46.813121833333334,9.8447715,0.9843656981248018,1.8070387980577343,242,0.9828437244732358
230,2024-08-29,07:59:56,25,849,1941.3055732971286,2272.996148189615,1922.9913697754575,0000M,4648.78901N,00950.68507E,33.6,0.1541,0.1201,0.1006,1.49,0.99,2024-08-29 07:59:56,46.81315016666667,9.844751166666667,0.9843656981248018,1.8070387980577343,242,0.9828437244732358
231,2024-08-29,08:00:13,25,849,1951.480130809168,2280.1183384480423,1936.218294541109,0000M,4648.78910N,00950.68500E,33.7,0.1516,0.1186,0.0970,1.56,1.0,2024-08-29 08:00:13,46.81315166666667,9.84475,0.9826203688728075,1.8023070081094419,242,0.9828437244732358
232,2024-08-29,08:55:31,26,849,2161.0760155571807,2459.190550659937,2043.051148417523,01613,4648.79119N,00950.67533E,41.6,0.1465,0.1123,0.0941,1.55,0.99,2024-08-29 08:55:31,46.8131865,9.844588833333333,0.8447393579652555,1.5061914727017875,242,0.9828437244732358
233,2024-08-29,08:55:44,26,849,2159.041104054773,2459.190550659937,2036.9464139102995,01613,4648.79123N,00950.67520E,41.7,0.1473,0.1124,0.0962,1.49,0.98,2024-08-29 08:55:44,46.813187166666665,9.844586666666666,0.8429940287132611,1.5032386796594364,242,0.9828437244732358
234,2024-08-29,08:56:01,26,849,2146.8316350403256,2447.9985373966933,2031.8591351542798,01615,4648.79139N,00950.67523E,41.7,0.1513,0.1156,0.0980,1.52,0.99,2024-08-29 08:56:01,46.81318983333333,9.844587166666667,0.8429940287132611,1.5032386796594364,242,0.9828437244732358
235,2024-08-29,09:19:16,27,849,2198.721878351727,2484.6269444400355,2060.34789618799,01572,4648.79026N,00950.64657E,44.6,0.1520,0.1173,0.0975,1.56,1.0,2024-08-29 09:19:16,46.813171,9.8441095,0.7923794804054256,1.4241909164025093,242,0.9828437244732358
236,2024-08-29,09:19:36,27,849,2195.669511098115,2480.55712143522,2051.1907944271547,01599,4648.79221N,00950.66787E,44.7,0.1532,0.1186,0.1007,1.47,0.99,2024-08-29 09:19:36,46.8132035,9.8444645,0.7906341511534313,1.4216768991924045,242,0.9828437244732358
237,2024-08-29,09:37:49,27,849,2275.0310596920226,2552.7964797707,2101.046126236148,01605,4648.79239N,00950.67303E,46.7,0.1385,0.1054,0.0892,1.54,0.99,2024-08-29 09:37:49,46.8132065,9.8445505,0.7557275661135446,1.3740552795890881,242,0.9828437244732358
238,2024-08-29,09:38:46,27,849,2281.1357941992464,2552.7964797707,2103.081037738556,01610,4648.79266N,00950.67490E,46.8,0.1370,0.1058,0.0887,1.52,0.99,2024-08-29 09:38:46,46.813211,9.844581666666667,0.7539822368615504,1.3718011480649182,242,0.9828437244732358
239,2024-08-29,09:39:07,27,849,2281.1357941992464,2551.779024019496,2105.115949240964,01608,4648.79209N,00950.67324E,46.8,0.1372,0.1062,0.0881,1.55,1.0,2024-08-29 09:39:07,46.8132015,9.844554,0.7539822368615504,1.3718011480649182,242,0.9828437244732358
240,2024-08-29,09:55:40,27,849,2276.0485154432267,2546.691745263476,2088.8366572217005,01629,4648.79172N,00950.69058E,48.4,0.1467,0.1131,0.0979,1.42,0.98,2024-08-29 09:55:40,46.81319533333333,9.844843,0.7260569688296411,1.337259365470342,242,0.9828437244732358
241,2024-08-29,09:55:56,27,849,2277.065971194431,2545.6742895122725,2101.046126236148,01623,4648.79257N,00950.68503E,48.4,0.1464,0.1134,0.0936,1.56,1.0,2024-08-29 09:55:56,46.8132095,9.8447505,0.7260569688296411,1.337259365470342,242,0.9828437244732358
242,2024-08-29,09:56:07,27,849,2286.223072955266,2556.8663027755156,2106.133404992168,01619,4648.79235N,00950.68344E,48.5,0.1435,0.1102,0.0919,1.56,0.99,2024-08-29 09:56:07,46.813205833333335,9.844724,0.7243116395776468,1.3351924182467427,242,0.9828437244732358
243,2024-08-29,10:09:54,27,849,2289.275440208878,2555.848847024312,2101.046126236148,01632,4648.79576N,00950.67416E,49.6,0.1479,0.1142,0.0965,1.49,0.99,2024-08-29 10:09:54,46.81326266666667,9.844569333333334,0.7051130178057091,1.313131578678673,242,0.9828437244732358
244,2024-08-29,10:10:14,27,849,2293.3452632136937,2563.9884930339435,2104.0984934897597,01623,4648.79513N,00950.67604E,49.6,0.1466,0.1119,0.0955,1.5,0.98,2024-08-29 10:10:14,46.813252166666665,9.844600666666667,0.7051130178057091,1.313131578678673,242,0.9828437244732358
245,2024-08-29,10:10:29,27,849,2300.4674534721216,2576.1979620483908,2115.2905067530032,01618,4648.79500N,00950.67500E,49.6,0.1443,0.1083,0.0915,1.6,0.99,2024-08-29 10:10:29,46.81325,9.844583333333333,0.7051130178057091,1.313131578678673,242,0.9828437244732358
246,2024-08-29,10:10:44,27,849,2289.275440208878,2556.8663027755156,2105.115949240964,01608,4648.79402N,00950.67505E,49.7,0.1481,0.1141,0.0952,1.55,0.99,2024-08-29 10:10:44,46.81323366666667,9.844584166666667,0.7033676885537148,1.3111859520887792,242,0.9828437244732358
247,2024-08-29,11:33:54,25,848,2209.9138916149705,2491.7491346984634,2043.051148417523,01603,4648.79516N,00950.67260E,52.1,0.1872,0.1422,0.1247,1.43,0.97,2024-08-29 11:33:54,46.81325266666666,9.844543333333334,0.6614797865058508,1.2672920658506186,242,0.9828437244732358
248,2024-08-29,11:34:09,25,848,2216.018626122194,2494.801501952075,2055.2606174319703,01606,4648.79436N,00950.67096E,52.1,0.1850,0.1413,0.1199,1.52,0.99,2024-08-29 11:34:09,46.813239333333335,9.844516,0.6614797865058508,1.2672920658506186,242,0.9828437244732358
249,2024-08-29,11:34:35,26,848,2215.00117037099,2492.766590449667,2056.2780731831745,0000M,4648.79349N,00950.66700E,52.1,0.1853,0.1419,0.1195,1.54,0.99,2024-08-29 11:34:35,46.81322483333334,9.84445,0.6614797865058508,1.2672920658506186,242,0.9828437244732358
250,2024-08-29,12:12:34,27,848,2224.1582721318255,2504.9760594641143,2068.4875421976217,01639,4648.78014N,00950.65600E,50.5,0.1744,0.1327,0.1108,1.59,0.99,2024-08-29 12:12:34,46.81300233333333,9.844266666666666,0.6894050545377601,1.2959670045887168,242,0.9828437244732358
251,2024-08-29,12:12:54,27,848,2225.1757278830296,2503.9586037129106,2072.5573652024377,01641,4648.78003N,00950.65586E,50.5,0.1739,0.1329,0.1092,1.63,1.0,2024-08-29 12:12:54,46.8130005,9.844264333333333,0.6894050545377601,1.2959670045887168,242,0.9828437244732358
252,2024-08-29,12:13:24,28,848,2220.08844912701,2497.853869205687,2062.3828076903983,01642,4648.78085N,00950.65672E,50.4,0.1755,0.1347,0.1129,1.55,0.99,2024-08-29 12:13:24,46.81301416666667,9.844278666666666,0.6911503837897546,1.2978362271847272,242,0.9828437244732358
272,2024-10-11,14:55:35,21,964,1201.2319008886036,1637.411226356012,1537.06017425531,00463,4721.39185N,00834.42458E,16.3,0.1111,0.0912,0.0736,1.44,1.0,2024-10-11 14:55:35,47.35653083333333,8.573743,1.286307658719821,3.562944831772795,285,1.0064667772356446
273,2024-10-11,14:56:27,20,964,1193.2833027024092,1631.4497777163663,1525.1372769760185,00468,4721.39361N,00834.42086E,16.2,0.1107,0.0907,0.0747,1.37,1.0,2024-10-11 14:56:27,47.35656016666667,8.573681,1.2880529879718152,3.5843436523721612,285,1.0064667772356446
274,2024-10-14,11:25:05,25,965,2142.4944798557754,2477.7551901295033,2055.2076677135033,00493,4722.77015N,00832.90362E,34.1,0.0808,0.0625,0.0584,1.14,0.92,2024-10-14 11:25:05,47.3795025,8.548393666666666,0.9756390518648302,1.7836789978888938,288,1.0081706255529783
291,2024-10-21,14:01:47,24,971,1635.2630324351803,2053.2184781874953,1780.5099603916585,0000M,4722.76204N,00832.91264E,20.2,0.0706,0.0590,0.0563,0.8,0.91,2024-10-21 14:01:47,47.379367333333334,8.548544,1.218239817892042,2.896047540648318,295,1.012069598085042
293,2024-10-21,14:02:38,24,971,1620.4419173375804,2033.4569913906955,1766.6769196338987,00487,4722.75883N,00832.91269E,20.1,0.0725,0.0615,0.0583,0.77,0.93,2024-10-21 14:02:38,47.379313833333335,8.548544833333333,1.2199851471440364,2.9098553474704016,295,1.012069598085042
297,2024-10-21,15:08:06,22,973,1024.6330904140677,1496.932624857582,1418.874752010223,00430,4722.72337N,00832.82328E,11.3,0.0495,0.0449,0.0431,0.49,0.96,2024-10-21 15:08:06,47.378722833333335,8.547054666666666,1.3735741213195374,5.103443111196538,295,1.012069598085042
298,2024-10-21,15:08:28,22,973,1019.6927187148677,1493.968401838062,1416.898603330543,00439,4722.72690N,00832.82629E,11.2,0.0493,0.0445,0.0428,0.5,0.95,2024-10-21 15:08:28,47.37878166666667,8.547104833333334,1.3753194505715316,5.148419904713411,295,1.012069598085042
299,2024-10-21,15:08:45,22,973,1016.7284956953478,1490.0161044787021,1416.898603330543,00453,4722.73185N,00832.83200E,11.2,0.0490,0.0444,0.0424,0.51,0.97,2024-10-21 15:08:45,47.378864166666666,8.5472,1.3753194505715316,5.148419904713411,295,1.012069598085042
300,2024-10-21,15:10:00,22,973,995.978934558708,1469.2665433420623,1401.089413893103,00476,4722.75940N,00832.81615E,11.0,0.0491,0.0445,0.0426,0.5,0.97,2024-10-21 15:10:00,47.37932333333333,8.546935833333333,1.3788101090755203,5.240843064167846,295,1.012069598085042
301,2024-10-21,15:10:26,22,973,995.978934558708,1471.2426920217422,1408.005934271983,00476,4722.75739N,00832.81320E,10.9,0.0477,0.0433,0.0410,0.54,0.98,2024-10-21 15:10:26,47.37928983333333,8.546886666666667,1.3805554383275145,5.288334738206553,295,1.012069598085042
302,2024-10-21,15:12:07,22,973,974.2412990822282,1446.5408335257425,1393.1848191743832,00482,4722.75729N,00832.81473E,10.7,0.0465,0.0429,0.0403,0.5,1.0,2024-10-21 15:12:07,47.37928816666667,8.546912166666667,1.3840460968315034,5.385997896947074,295,1.012069598085042
303,2024-10-21,15:13:29,22,973,932.7421768089488,1400.1013395532632,1346.7453252019038,00474,4722.75893N,00832.81191E,10.5,0.0500,0.0459,0.0443,0.43,0.96,2024-10-21 15:13:29,47.3793155,8.546865166666667,1.387536755335492,5.487404265987041,295,1.012069598085042
304,2024-10-21,15:15:14,22,973,904.0880209535891,1367.4948863385434,1328.959987084784,00478,4722.75995N,00832.81560E,10.2,0.0497,0.0461,0.0437,0.46,0.99,2024-10-21 15:15:14,47.3793325,8.546926666666666,1.392772743091475,5.647013956116762,295,1.012069598085042
305,2024-10-21,15:15:40,22,973,905.0760952934291,1371.4471836979035,1331.924210104304,0000M,4722.75912N,00832.81152E,10.1,0.0481,0.0446,0.0425,0.43,0.99,2024-10-21 15:15:40,47.37931866666667,8.546858666666667,1.3945180723434694,5.702336026250833,295,1.012069598085042
306,2024-10-21,15:17:41,22,973,831.95859414527,1273.6278240537447,1244.973668198385,00479,4722.75726N,00832.81474E,9.8,0.0555,0.0525,0.0506,0.33,0.99,2024-10-21 15:17:41,47.37928766666667,8.546912333333333,1.3997540600994522,5.875112757511492,295,1.012069598085042
307,2024-10-21,15:18:57,22,973,819.1136277273501,1264.7351549951848,1239.045222159345,0000M,4722.75811N,00832.81331E,9.6,0.0535,0.0505,0.0490,0.31,0.98,2024-10-21 15:18:57,47.379301833333336,8.5468885,1.4032447186034411,5.996327367635284,295,1.012069598085042
308,2024-10-21,15:19:26,22,973,812.1971073484702,1256.830560276465,1236.080999139825,00474,4722.75806N,00832.81186E,9.6,0.0531,0.0503,0.0484,0.32,0.99,2024-10-21 15:19:26,47.379301,8.546864333333334,1.4032447186034411,5.996327367635284,295,1.012069598085042
316,2024-11-02,08:02:35,19,860,1648.7275915913485,2078.8304415717002,1824.5002174965607,01499,4610.31900N,00718.49019E,15.2,0.0276,0.0254,0.0248,0.37,0.91,2024-11-02 08:02:35,46.17198333333333,7.308169833333333,1.3055062804917585,3.814039943157823,307,1.0183610734502433
320,2024-11-02,08:10:12,21,860,1689.9703306305603,2107.307570908299,1839.2297671534222,01483,4610.31764N,00718.48805E,16.2,0.0327,0.0296,0.0284,0.49,0.95,2024-11-02 08:10:12,46.17196066666666,7.308134166666667,1.2880529879718152,3.5843436523721612,307,1.0183610734502433
321,2024-11-02,08:11:42,21,860,1721.3933698985313,2141.6765201076423,1867.7068964900209,01492,4610.32104N,00718.48971E,16.3,0.0298,0.0265,0.0252,0.58,0.96,2024-11-02 08:11:42,46.172017333333336,7.308161833333333,1.286307658719821,3.562944831772795,307,1.0183610734502433
322,2024-11-02,08:13:43,21,860,1749.87049923513,2173.099559375613,1889.3102359867507,01485,4610.32067N,00718.48889E,16.6,0.0280,0.0243,0.0233,0.64,0.92,2024-11-02 08:13:43,46.172011166666664,7.308148166666666,1.281071670963838,3.5003175280933436,307,1.0183610734502433
323,2024-11-02,08:15:33,22,860,1742.0147394181372,2157.3880397416274,1877.5265962612616,01496,4610.32105N,00718.49051E,16.8,0.0318,0.0281,0.0263,0.67,0.97,2024-11-02 08:15:33,46.1720175,7.3081751666666666,1.2775810124598492,3.4598269483551616,307,1.0183610734502433
331,2024-11-02,08:31:03,23,860,1876.5446262841376,2274.2424670193946,1951.1743445455686,01496,4610.32007N,00718.49113E,18.7,0.0290,0.0251,0.0241,0.65,0.92,2024-11-02 08:31:03,46.17200116666667,7.3081855,1.2444197566719568,3.1190252090948043,307,1.0183610734502433
332,2024-11-02,08:33:07,23,860,1891.274175940999,2287.0080767220074,1960.9940443168093,01488,4610.32232N,00718.48980E,18.9,0.0289,0.0249,0.0237,0.7,0.94,2024-11-02 08:33:07,46.172038666666666,7.308163333333333,1.2409290981679681,3.087206626808415,307,1.0183610734502433
339,2024-11-02,09:03:46,22,860,2037.5877025324885,2404.8444739768984,2030.71391269262,01448,4610.31343N,00718.48040E,22.2,0.0327,0.0270,0.0256,0.85,0.91,2024-11-02 09:03:46,46.1718905,7.3080066666666665,1.1833332328521553,2.6466173978206533,307,1.0183610734502433
340,2024-11-02,09:05:42,21,860,2034.6417926011163,2395.0247742056576,2020.894212921379,01475,4610.32515N,00718.48635E,22.4,0.0348,0.0296,0.0282,0.74,0.92,2024-11-02 09:05:42,46.172085833333334,7.308105833333333,1.1798425743481666,2.6241871897195566,307,1.0183610734502433
365,2024-11-27,13:19:46,20,859,1357.898913441172,1808.9118667960065,1647.5580946906132,00461,4722.57197N,00832.81988E,15.6,0.0819,0.0663,0.0517,1.61,0.99,2024-11-27 13:19:46,47.3761995,8.546998,1.2985249634837812,3.7185804962686833,332,1.028795285254142
366,2024-11-27,13:20:35,21,970,1378.3111376231795,1831.2681123286816,1667.9703188726207,00460,4722.57233N,00832.82075E,15.6,0.0555,0.0506,0.0409,1.06,0.94,2024-11-27 13:20:35,47.3762055,8.5470125,1.2985249634837812,3.7185804962686833,332,1.028795285254142
367,2024-11-27,13:21:09,20,970,1364.7029881685078,1818.6319735493435,1652.4181480672817,00460,4722.57245N,00832.82181E,15.5,0.0574,0.0519,0.0431,1.0,0.96,2024-11-27 13:21:09,47.3762075,8.547030166666667,1.3002702927357754,3.7419775358429965,332,1.028795285254142
368,2024-11-27,13:21:47,20,970,1360.8149454671732,1813.771920172675,1649.5021160412805,00455,4722.57306N,00832.82184E,15.5,0.0573,0.0520,0.0431,0.99,0.96,2024-11-27 13:21:47,47.37621766666667,8.547030666666666,1.3002702927357754,3.7419775358429965,332,1.028795285254142
369,2024-11-27,13:22:03,20,970,1370.5350522205101,1830.2961016533477,1666.0262975219532,00453,4722.57302N,00832.82197E,15.4,0.0551,0.0494,0.0403,1.08,0.96,2024-11-27 13:22:03,47.376217,8.547032833333333,1.3020156219877697,3.7656824081624594,332,1.028795285254142
370,2024-11-27,13:22:23,20,970,1364.7029881685078,1819.603984224677,1651.4461373919478,0000M,4722.57283N,00832.82192E,15.4,0.0557,0.0506,0.0424,0.95,0.96,2024-11-27 13:22:23,47.37621383333333,8.547032,1.3020156219877697,3.7656824081624594,332,1.028795285254142
371,2024-11-27,13:22:43,20,970,1354.0108707398372,1805.9958347700053,1642.6980413139447,00449,4722.57257N,00832.82188E,15.4,0.0574,0.0523,0.0436,0.95,0.96,2024-11-27 13:22:43,47.3762095,8.547031333333333,1.3020156219877697,3.7656824081624594,332,1.028795285254142
372,2024-11-27,13:23:15,20,970,1362.7589668178405,1816.6879521986762,1654.362169417949,00447,4722.57228N,00832.82163E,15.3,0.0549,0.0503,0.0414,0.98,0.95,2024-11-27 13:23:15,47.376204666666666,8.547027166666666,1.3037609512397643,3.789701146559783,332,1.028795285254142
373,2024-11-27,13:23:41,20,970,1357.898913441172,1810.8558881466738,1640.7540199632772,00447,4722.57237N,00832.82151E,15.3,0.0553,0.0507,0.0433,0.85,0.96,2024-11-27 13:23:41,47.37620616666667,8.547025166666666,1.3037609512397643,3.789701146559783,332,1.028795285254142
374,2024-11-27,13:23:59,19,970,1352.0668493891699,1801.1357813933369,1643.6700519892784,00446,4722.57229N,00832.82139E,15.3,0.0560,0.0518,0.0426,0.95,0.93,2024-11-27 13:23:59,47.37620483333333,8.547023166666667,1.3037609512397643,3.789701146559783,332,1.028795285254142
375,2024-11-27,13:24:31,19,970,1359.8429347918393,1813.771920172675,1657.2782014439501,00445,4722.57209N,00832.82087E,15.2,0.0538,0.0495,0.0401,1.02,0.93,2024-11-27 13:24:31,47.3762015,8.5470145,1.3055062804917585,3.814039943157823,332,1.028795285254142
376,2024-11-27,13:25:24,19,970,1355.9548920905047,1810.8558881466738,1657.2782014439501,00443,4722.57247N,00832.82149E,15.1,0.0533,0.0491,0.0395,1.04,0.92,2024-11-27 13:25:24,47.37620783333333,8.547024833333333,1.307251609743753,3.838705154127555,332,1.028795285254142
377,2024-11-27,13:26:59,19,970,1351.0948387138362,1810.8558881466738,1653.3901587426153,00441,4722.57297N,00832.82238E,15.0,0.0520,0.0476,0.0391,1.0,0.94,2024-11-27 13:26:59,47.376216166666666,8.547039666666667,1.3089969389957472,3.8637033051562737,332,1.028795285254142
378,2024-11-27,13:28:04,19,970,1347.2067960125014,1811.8278988220077,1652.4181480672817,00440,4722.57304N,00832.82325E,14.9,0.0512,0.0464,0.0385,1.0,0.96,2024-11-27 13:28:04,47.37621733333334,8.547054166666667,1.3107422682477414,3.8890410971360616,332,1.028795285254142
379,2024-11-27,13:29:24,19,970,1342.346742635833,1806.9678454453392,1650.4741267166141,00441,4722.57263N,00832.82185E,14.8,0.0502,0.0458,0.0379,0.98,0.95,2024-11-27 13:29:24,47.3762105,8.547030833333332,1.3124875974997359,3.9147254120828365,332,1.028795285254142
380,2024-11-27,13:29:43,19,970,1343.3187533111666,1805.0238240946717,1651.4461373919478,00440,4722.57244N,00832.82179E,14.7,0.0496,0.0457,0.0375,0.97,0.93,2024-11-27 13:29:43,47.37620733333333,8.547029833333333,1.31423292675173,3.9407633192969875,332,1.028795285254142
381,2024-11-27,13:30:14,19,970,1335.542667908497,1794.331706666001,1644.642062664612,00439,4722.57304N,00832.82288E,14.7,0.0503,0.0467,0.0382,0.96,0.92,2024-11-27 13:30:14,47.37621733333334,8.547048,1.31423292675173,3.9407633192969875,332,1.028795285254142
382,2024-11-27,13:30:52,19,970,1337.4866892591645,1798.219749367336,1648.5301053659468,00439,4722.57290N,00832.82200E,14.6,0.0490,0.0456,0.0371,0.96,0.92,2024-11-27 13:30:52,47.376215,8.547033333333333,1.3159782560037245,3.9671620817772264,332,1.028795285254142
383,2024-11-27,13:31:23,19,970,1329.7106038564948,1790.4436639646663,1642.6980413139447,00440,4722.57358N,00832.82210E,14.6,0.0497,0.0461,0.0377,0.96,0.92,2024-11-27 13:31:23,47.376226333333335,8.547035,1.3159782560037245,3.9671620817772264,332,1.028795285254142
384,2024-11-27,13:31:48,19,970,1330.6826145318284,1793.3596959906674,1646.5860840152793,00439,4722.57382N,00832.82248E,14.6,0.0489,0.0453,0.0368,0.99,0.92,2024-11-27 13:31:48,47.37623033333333,8.547041333333333,1.3159782560037245,3.9671620817772264,332,1.028795285254142
385,2024-11-27,13:32:20,18,970,1303.4663156224851,1759.339322353988,1607.7056570019315,00439,4722.57377N,00832.82242E,14.5,0.0533,0.0496,0.0424,0.8,0.95,2024-11-27 13:32:20,47.3762295,8.547040333333333,1.3177235852557188,3.993929162899784,332,1.028795285254142
386,2024-11-27,13:32:50,18,970,1315.1304437264894,1775.8635038346608,1633.9499452359414,00440,4722.57377N,00832.82267E,14.5,0.0503,0.0467,0.0380,0.98,0.92,2024-11-27 13:32:50,47.3762295,8.5470445,1.3177235852557188,3.993929162899784,332,1.028795285254142
387,2024-11-27,13:33:57,18,970,1312.2144117004884,1780.7235572113293,1632.005923885274,00438,4722.57417N,00832.82305E,14.4,0.0492,0.0449,0.0375,0.95,0.96,2024-11-27 13:33:57,47.376236166666665,8.547050833333333,1.319468914507713,4.021072233375965,332,1.028795285254142
388,2024-11-27,13:34:44,18,970,1294.7182195444818,1760.3113330293218,1605.7616356512642,00438,4722.57431N,00832.82302E,14.3,0.0513,0.0469,0.0409,0.79,0.98,2024-11-27 13:34:44,47.3762385,8.547050333333333,1.3212142437597074,4.048599178501586,332,1.028795285254142
390,2024-11-27,13:37:34,18,970,1279.1660487391428,1741.8431301979815,1606.7336463265979,00442,4722.57416N,00832.82207E,14.0,0.0498,0.0465,0.0386,0.89,0.92,2024-11-27 13:37:34,47.376236,8.5470345,1.3264502315156905,4.13356549443875,332,1.028795285254142
391,2024-11-27,13:37:57,18,970,1285.9701234664785,1755.4512796526533,1617.4257637552685,00442,4722.57391N,00832.82232E,14.0,0.0479,0.0442,0.0367,0.93,0.94,2024-11-27 13:37:57,47.376231833333335,8.547038666666667,1.3264502315156905,4.13356549443875,332,1.028795285254142
393,2024-11-27,13:39:10,18,970,1270.4179526611395,1736.0110661459794,1607.7056570019315,00439,4722.57389N,00832.82299E,13.9,0.0489,0.0455,0.0372,0.95,0.91,2024-11-27 13:39:10,47.3762315,8.547049833333332,1.3281955607676847,4.1627113541277945,332,1.028795285254142
394,2024-11-27,13:39:45,18,970,1264.5858886091373,1735.0390554706457,1604.7896249759306,00438,4722.57331N,00832.82311E,13.8,0.0490,0.0450,0.0372,0.96,0.94,2024-11-27 13:39:45,47.37622183333333,8.547051833333333,1.3299408900196792,4.192284009762307,332,1.028795285254142
